{
  "token_acc": 0.9998648542,
  "token_p": 0.9998648542,
  "token_r": 0.9997297449,
  "token_f": 0.999797295,
  "pos_acc": 0.981259784,
  "morph_acc": 0.9465385785,
  "morph_micro_p": 0.9758986572,
  "morph_micro_r": 0.9679014992,
  "morph_micro_f": 0.9718836273,
  "morph_per_feat": {
    "Case": {
      "p": 0.9656574179,
      "r": 0.9610136824,
      "f": 0.9633299539
    },
    "Gender": {
      "p": 0.9724306977,
      "r": 0.9679301758,
      "f": 0.9701752174
    },
    "Number": {
      "p": 0.9879748121,
      "r": 0.9828638403,
      "f": 0.9854126991
    },
    "PronType": {
      "p": 0.9863780839,
      "r": 0.9766222089,
      "f": 0.9814759036
    },
    "Animacy": {
      "p": 0.9724252709,
      "r": 0.9630599186,
      "f": 0.9677199363
    },
    "Abbr": {
      "p": 0.9640644362,
      "r": 0.9511002445,
      "f": 0.9575384615
    },
    "Uninflect": {
      "p": 0.9703957619,
      "r": 0.918313182,
      "f": 0.9436363636
    },
    "Aspect": {
      "p": 0.9666225416,
      "r": 0.9564932635,
      "f": 0.9615312265
    },
    "Mood": {
      "p": 0.9942857143,
      "r": 0.9908883827,
      "f": 0.9925841415
    },
    "Tense": {
      "p": 0.9837704492,
      "r": 0.9805875501,
      "f": 0.982176421
    },
    "VerbForm": {
      "p": 0.9900718608,
      "r": 0.9796968563,
      "f": 0.9848570354
    },
    "Person": {
      "p": 0.9953511539,
      "r": 0.9894372009,
      "f": 0.9923853667
    },
    "PunctType": {
      "p": 0.9990111248,
      "r": 1.0,
      "f": 0.9995053178
    },
    "Polarity": {
      "p": 1.0,
      "r": 0.9958333333,
      "f": 0.9979123173
    },
    "PartType": {
      "p": 1.0,
      "r": 0.9871794872,
      "f": 0.9935483871
    },
    "NameType": {
      "p": 0.8800668617,
      "r": 0.8727724824,
      "f": 0.8764044944
    },
    "Degree": {
      "p": 0.9523333333,
      "r": 0.9367213115,
      "f": 0.9444628099
    },
    "Poss": {
      "p": 0.986431479,
      "r": 0.9824324324,
      "f": 0.9844278944
    },
    "Foreign": {
      "p": 0.9569892473,
      "r": 0.6854942234,
      "f": 0.7988032909
    },
    "Voice": {
      "p": 0.9307304786,
      "r": 0.8455377574,
      "f": 0.8860911271
    },
    "NumType": {
      "p": 0.9725474364,
      "r": 0.9709794438,
      "f": 0.9717628076
    },
    "Reflex": {
      "p": 0.9952830189,
      "r": 0.9952830189,
      "f": 0.9952830189
    },
    "Variant": {
      "p": 0.9347826087,
      "r": 0.5,
      "f": 0.6515151515
    },
    "Hyph": {
      "p": 0.9150943396,
      "r": 0.97,
      "f": 0.9417475728
    },
    "Animacy[gram]": {
      "p": 0.6666666667,
      "r": 0.4166666667,
      "f": 0.5128205128
    },
    "Orth": {
      "p": 1.0,
      "r": 0.6153846154,
      "f": 0.7619047619
    }
  },
  "sents_p": 0.9412221145,
  "sents_r": 0.9047175089,
  "sents_f": 0.922608861,
  "dep_uas": 0.9343844605,
  "dep_las": 0.9120012055,
  "dep_las_per_type": {
    "nsubj": {
      "p": 0.9249108012,
      "r": 0.936453202,
      "f": 0.9306462141
    },
    "case": {
      "p": 0.9885995306,
      "r": 0.988931127,
      "f": 0.988765301
    },
    "nmod": {
      "p": 0.8899501661,
      "r": 0.9060353028,
      "f": 0.8979207039
    },
    "obl": {
      "p": 0.9014881915,
      "r": 0.893395319,
      "f": 0.8974235105
    },
    "root": {
      "p": 0.9530552861,
      "r": 0.9160917397,
      "f": 0.9342080243
    },
    "mark": {
      "p": 0.9226736566,
      "r": 0.9443326626,
      "f": 0.9333775273
    },
    "ccomp": {
      "p": 0.9008130081,
      "r": 0.8878205128,
      "f": 0.8942695722
    },
    "amod": {
      "p": 0.9743476986,
      "r": 0.9719257201,
      "f": 0.9731352024
    },
    "obj": {
      "p": 0.9325894933,
      "r": 0.9182879377,
      "f": 0.9253834621
    },
    "cc": {
      "p": 0.9397003745,
      "r": 0.9460784314,
      "f": 0.9428786171
    },
    "advmod": {
      "p": 0.9226161955,
      "r": 0.9306428226,
      "f": 0.926612127
    },
    "conj": {
      "p": 0.806330304,
      "r": 0.8137254902,
      "f": 0.8100110184
    },
    "advcl": {
      "p": 0.7421981004,
      "r": 0.7780938834,
      "f": 0.7597222222
    },
    "discourse": {
      "p": 0.8363309353,
      "r": 0.7969151671,
      "f": 0.8161474331
    },
    "xcomp": {
      "p": 0.9544534413,
      "r": 0.9761904762,
      "f": 0.9651995906
    },
    "cop": {
      "p": 0.9097065463,
      "r": 0.9056179775,
      "f": 0.9076576577
    },
    "det": {
      "p": 0.9572434608,
      "r": 0.9635443038,
      "f": 0.9603835478
    },
    "csubj": {
      "p": 0.8920454545,
      "r": 0.8418230563,
      "f": 0.8662068966
    },
    "appos": {
      "p": 0.6648351648,
      "r": 0.5912052117,
      "f": 0.625862069
    },
    "compound": {
      "p": 0.903125,
      "r": 0.903125,
      "f": 0.903125
    },
    "flat:title": {
      "p": 0.8136439268,
      "r": 0.809602649,
      "f": 0.8116182573
    },
    "flat:name": {
      "p": 0.9373433584,
      "r": 0.9540816327,
      "f": 0.9456384324
    },
    "nummod:gov": {
      "p": 0.8729281768,
      "r": 0.9404761905,
      "f": 0.9054441261
    },
    "parataxis": {
      "p": 0.6495882891,
      "r": 0.6920077973,
      "f": 0.6701274186
    },
    "iobj": {
      "p": 0.8231707317,
      "r": 0.6994818653,
      "f": 0.756302521
    },
    "acl:relcl": {
      "p": 0.804964539,
      "r": 0.8274605103,
      "f": 0.8160575195
    },
    "dep": {
      "p": 0.6,
      "r": 0.2341463415,
      "f": 0.3368421053
    },
    "parataxis:discourse": {
      "p": 0.8660130719,
      "r": 0.8520900322,
      "f": 0.8589951378
    },
    "aux": {
      "p": 0.9298245614,
      "r": 0.9464285714,
      "f": 0.9380530973
    },
    "nummod": {
      "p": 0.8819188192,
      "r": 0.8934579439,
      "f": 0.8876508821
    },
    "acl": {
      "p": 0.8867924528,
      "r": 0.8650306748,
      "f": 0.8757763975
    },
    "expl": {
      "p": 0.8039215686,
      "r": 0.7592592593,
      "f": 0.780952381
    },
    "orphan": {
      "p": 0.5753424658,
      "r": 0.525,
      "f": 0.5490196078
    },
    "xcomp:sp": {
      "p": 0.8378378378,
      "r": 0.8157894737,
      "f": 0.8266666667
    },
    "fixed": {
      "p": 0.7297297297,
      "r": 0.8385093168,
      "f": 0.7803468208
    },
    "flat:range": {
      "p": 0.8173076923,
      "r": 0.8095238095,
      "f": 0.8133971292
    },
    "flat:foreign": {
      "p": 0.7371794872,
      "r": 0.8156028369,
      "f": 0.7744107744
    },
    "det:numgov": {
      "p": 0.9014084507,
      "r": 0.9696969697,
      "f": 0.9343065693
    },
    "flat:sibl": {
      "p": 0.0,
      "r": 0.0,
      "f": 0.0
    },
    "advmod:det": {
      "p": 0.8181818182,
      "r": 0.5625,
      "f": 0.6666666667
    },
    "flat:abs": {
      "p": 0.9230769231,
      "r": 0.8571428571,
      "f": 0.8888888889
    },
    "vocative": {
      "p": 0.5,
      "r": 0.25,
      "f": 0.3333333333
    },
    "flat:repeat": {
      "p": 0.5,
      "r": 0.1666666667,
      "f": 0.25
    },
    "advcl:sp": {
      "p": 0.0,
      "r": 0.0,
      "f": 0.0
    },
    "advcl:svc": {
      "p": 0.6666666667,
      "r": 0.2222222222,
      "f": 0.3333333333
    }
  },
  "tag_acc": 0.981259784,
  "lemma_acc": 0.0,
  "ents_p": 0.8597027972,
  "ents_r": 0.8663290024,
  "ents_f": 0.8630031809,
  "ents_per_type": {
    "ORG": {
      "p": 0.7994389902,
      "r": 0.8039492243,
      "f": 0.8016877637
    },
    "LOC": {
      "p": 0.8959854015,
      "r": 0.8804542738,
      "f": 0.8881519445
    },
    "PER": {
      "p": 0.8771580345,
      "r": 0.9110344828,
      "f": 0.8937753721
    }
  },
  "speed": 2817.0962151437
}